Index,Activity
0,STANDING
1,STANDING
2,STANDING
3,STANDING
4,STANDING
5,STANDING
6,STANDING
7,STANDING
8,STANDING
9,STANDING
10,STANDING
11,STANDING
12,STANDING
13,STANDING
14,STANDING
15,STANDING
16,STANDING
17,STANDING
18,STANDING
19,STANDING
20,STANDING
21,STANDING
22,STANDING
23,STANDING
24,STANDING
25,STANDING
26,STANDING
27,STANDING
28,STANDING
29,STANDING
30,STANDING
31,SITTING
32,SITTING
33,SITTING
34,SITTING
35,SITTING
36,SITTING
37,SITTING
38,STANDING
39,SITTING
40,SITTING
41,SITTING
42,STANDING
43,STANDING
44,SITTING
45,SITTING
46,SITTING
47,SITTING
48,SITTING
49,SITTING
50,STANDING
51,SITTING
52,SITTING
53,SITTING
54,SITTING
55,LAYING
56,LAYING
57,LAYING
58,LAYING
59,LAYING
60,LAYING
61,LAYING
62,LAYING
63,LAYING
64,LAYING
65,LAYING
66,LAYING
67,LAYING
68,LAYING
69,LAYING
70,LAYING
71,LAYING
72,LAYING
73,LAYING
74,LAYING
75,LAYING
76,LAYING
77,LAYING
78,LAYING
79,WALKING
80,WALKING
81,WALKING
82,WALKING
83,WALKING
84,WALKING
85,WALKING
86,WALKING
87,WALKING
88,WALKING
89,WALKING
90,WALKING
91,WALKING
92,WALKING
93,WALKING
94,WALKING
95,WALKING
96,WALKING
97,WALKING
98,WALKING
99,WALKING
100,WALKING
101,WALKING
102,WALKING
103,WALKING
104,WALKING
105,WALKING
106,WALKING
107,WALKING
108,WALKING
109,WALKING_DOWNSTAIRS
110,WALKING_DOWNSTAIRS
111,WALKING_DOWNSTAIRS
112,WALKING_DOWNSTAIRS
113,WALKING_DOWNSTAIRS
114,WALKING_DOWNSTAIRS
115,WALKING_DOWNSTAIRS
116,WALKING_DOWNSTAIRS
117,WALKING_DOWNSTAIRS
118,WALKING_DOWNSTAIRS
119,WALKING_DOWNSTAIRS
120,WALKING_DOWNSTAIRS
121,WALKING_DOWNSTAIRS
122,WALKING_DOWNSTAIRS
123,WALKING_DOWNSTAIRS
124,WALKING_DOWNSTAIRS
125,WALKING_DOWNSTAIRS
126,WALKING_DOWNSTAIRS
127,WALKING_DOWNSTAIRS
128,WALKING_UPSTAIRS
129,WALKING_DOWNSTAIRS
130,WALKING_DOWNSTAIRS
131,WALKING_DOWNSTAIRS
132,WALKING_DOWNSTAIRS
133,WALKING_UPSTAIRS
134,WALKING_UPSTAIRS
135,WALKING_UPSTAIRS
136,WALKING_UPSTAIRS
137,WALKING_UPSTAIRS
138,WALKING_UPSTAIRS
139,WALKING_UPSTAIRS
140,WALKING_UPSTAIRS
141,WALKING_UPSTAIRS
142,WALKING_UPSTAIRS
143,WALKING_UPSTAIRS
144,WALKING_UPSTAIRS
145,WALKING_UPSTAIRS
146,WALKING_UPSTAIRS
147,WALKING_UPSTAIRS
148,WALKING_UPSTAIRS
149,WALKING_UPSTAIRS
150,WALKING_UPSTAIRS
151,WALKING_UPSTAIRS
152,WALKING_UPSTAIRS
153,WALKING_UPSTAIRS
154,WALKING_UPSTAIRS
155,WALKING_UPSTAIRS
156,WALKING_UPSTAIRS
157,WALKING_UPSTAIRS
158,STANDING
159,STANDING
160,STANDING
161,STANDING
162,STANDING
163,STANDING
164,STANDING
165,STANDING
166,STANDING
167,STANDING
168,STANDING
169,STANDING
170,STANDING
171,STANDING
172,STANDING
173,STANDING
174,STANDING
175,STANDING
176,STANDING
177,STANDING
178,STANDING
179,STANDING
180,STANDING
181,SITTING
182,STANDING
183,SITTING
184,SITTING
185,SITTING
186,SITTING
187,SITTING
188,SITTING
189,SITTING
190,SITTING
191,SITTING
192,SITTING
193,SITTING
194,SITTING
195,SITTING
196,SITTING
197,SITTING
198,SITTING
199,SITTING
200,SITTING
201,SITTING
202,SITTING
203,LAYING
204,LAYING
205,LAYING
206,LAYING
207,LAYING
208,LAYING
209,LAYING
210,LAYING
211,LAYING
212,LAYING
213,LAYING
214,LAYING
215,LAYING
216,LAYING
217,LAYING
218,LAYING
219,LAYING
220,LAYING
221,LAYING
222,LAYING
223,LAYING
224,LAYING
225,LAYING
226,LAYING
227,WALKING
228,WALKING
229,WALKING
230,WALKING
231,WALKING
232,WALKING
233,WALKING
234,WALKING
235,WALKING
236,WALKING
237,WALKING
238,WALKING
239,WALKING
240,WALKING
241,WALKING
242,WALKING
243,WALKING
244,WALKING
245,WALKING
246,WALKING
247,WALKING
248,WALKING
249,WALKING
250,WALKING
251,WALKING
252,WALKING
253,WALKING
254,WALKING
255,WALKING
256,WALKING_DOWNSTAIRS
257,WALKING_DOWNSTAIRS
258,WALKING_DOWNSTAIRS
259,WALKING_DOWNSTAIRS
260,WALKING_DOWNSTAIRS
261,WALKING_DOWNSTAIRS
262,WALKING_DOWNSTAIRS
263,WALKING_DOWNSTAIRS
264,WALKING_DOWNSTAIRS
265,WALKING_DOWNSTAIRS
266,WALKING_DOWNSTAIRS
267,WALKING_DOWNSTAIRS
268,WALKING_DOWNSTAIRS
269,WALKING_DOWNSTAIRS
270,WALKING_DOWNSTAIRS
271,WALKING_DOWNSTAIRS
272,WALKING_DOWNSTAIRS
273,WALKING_DOWNSTAIRS
274,WALKING_DOWNSTAIRS
275,WALKING_DOWNSTAIRS
276,WALKING_DOWNSTAIRS
277,WALKING_DOWNSTAIRS
278,WALKING_DOWNSTAIRS
279,WALKING_UPSTAIRS
280,WALKING_UPSTAIRS
281,WALKING_UPSTAIRS
282,WALKING_UPSTAIRS
283,WALKING_UPSTAIRS
284,WALKING_UPSTAIRS
285,WALKING_UPSTAIRS
286,WALKING_UPSTAIRS
287,WALKING_UPSTAIRS
288,WALKING_UPSTAIRS
289,WALKING_UPSTAIRS
290,WALKING_UPSTAIRS
291,WALKING_UPSTAIRS
292,WALKING_UPSTAIRS
293,WALKING_UPSTAIRS
294,WALKING_UPSTAIRS
295,WALKING_UPSTAIRS
296,WALKING_UPSTAIRS
297,WALKING_UPSTAIRS
298,WALKING_UPSTAIRS
299,WALKING_UPSTAIRS
300,WALKING_UPSTAIRS
301,WALKING_UPSTAIRS
302,STANDING
303,STANDING
304,STANDING
305,STANDING
306,STANDING
307,STANDING
308,STANDING
309,SITTING
310,STANDING
311,STANDING
312,STANDING
313,SITTING
314,STANDING
315,STANDING
316,STANDING
317,STANDING
318,STANDING
319,STANDING
320,STANDING
321,STANDING
322,STANDING
323,STANDING
324,STANDING
325,STANDING
326,STANDING
327,STANDING
328,STANDING
329,STANDING
330,SITTING
331,SITTING
332,SITTING
333,SITTING
334,SITTING
335,SITTING
336,SITTING
337,SITTING
338,SITTING
339,SITTING
340,SITTING
341,SITTING
342,SITTING
343,SITTING
344,SITTING
345,SITTING
346,SITTING
347,SITTING
348,STANDING
349,SITTING
350,SITTING
351,SITTING
352,SITTING
353,SITTING
354,LAYING
355,LAYING
356,LAYING
357,LAYING
358,LAYING
359,LAYING
360,LAYING
361,LAYING
362,LAYING
363,LAYING
364,LAYING
365,LAYING
366,LAYING
367,LAYING
368,LAYING
369,LAYING
370,LAYING
371,LAYING
372,LAYING
373,LAYING
374,LAYING
375,LAYING
376,LAYING
377,LAYING
378,LAYING
379,LAYING
380,LAYING
381,LAYING
382,LAYING
383,LAYING
384,WALKING
385,WALKING
386,WALKING
387,WALKING
388,WALKING
389,WALKING
390,WALKING
391,WALKING
392,WALKING
393,WALKING
394,WALKING
395,WALKING
396,WALKING
397,WALKING
398,WALKING
399,WALKING
400,WALKING
401,WALKING
402,WALKING
403,WALKING
404,WALKING
405,WALKING
406,WALKING
407,WALKING
408,WALKING
409,WALKING
410,WALKING
411,WALKING
412,WALKING
413,WALKING
414,WALKING
415,WALKING_DOWNSTAIRS
416,WALKING_DOWNSTAIRS
417,WALKING_DOWNSTAIRS
418,WALKING_DOWNSTAIRS
419,WALKING_DOWNSTAIRS
420,WALKING_DOWNSTAIRS
421,WALKING_DOWNSTAIRS
422,WALKING_DOWNSTAIRS
423,WALKING_DOWNSTAIRS
424,WALKING_DOWNSTAIRS
425,WALKING_DOWNSTAIRS
426,WALKING_DOWNSTAIRS
427,WALKING_DOWNSTAIRS
428,WALKING_DOWNSTAIRS
429,WALKING_DOWNSTAIRS
430,WALKING_DOWNSTAIRS
431,WALKING_DOWNSTAIRS
432,WALKING_DOWNSTAIRS
433,WALKING_DOWNSTAIRS
434,WALKING_DOWNSTAIRS
435,WALKING_DOWNSTAIRS
436,WALKING_DOWNSTAIRS
437,WALKING_DOWNSTAIRS
438,WALKING_UPSTAIRS
439,WALKING_UPSTAIRS
440,WALKING_UPSTAIRS
441,WALKING_UPSTAIRS
442,WALKING_UPSTAIRS
443,WALKING_UPSTAIRS
444,WALKING_UPSTAIRS
445,WALKING_UPSTAIRS
446,WALKING_UPSTAIRS
447,WALKING_UPSTAIRS
448,WALKING_DOWNSTAIRS
449,WALKING_UPSTAIRS
450,WALKING_UPSTAIRS
451,WALKING_UPSTAIRS
452,WALKING_UPSTAIRS
453,WALKING_UPSTAIRS
454,WALKING_UPSTAIRS
455,WALKING_UPSTAIRS
456,WALKING_UPSTAIRS
457,WALKING_UPSTAIRS
458,WALKING_UPSTAIRS
459,WALKING_UPSTAIRS
460,WALKING_UPSTAIRS
461,WALKING_UPSTAIRS
462,WALKING_UPSTAIRS
463,WALKING_UPSTAIRS
464,WALKING_UPSTAIRS
465,WALKING_UPSTAIRS
466,SITTING
467,STANDING
468,STANDING
469,STANDING
470,STANDING
471,STANDING
472,STANDING
473,STANDING
474,STANDING
475,STANDING
476,STANDING
477,STANDING
478,STANDING
479,STANDING
480,STANDING
481,STANDING
482,STANDING
483,SITTING
484,STANDING
485,STANDING
486,STANDING
487,STANDING
488,STANDING
489,SITTING
490,SITTING
491,SITTING
492,STANDING
493,STANDING
494,SITTING
495,SITTING
496,SITTING
497,SITTING
498,SITTING
499,SITTING
500,SITTING
501,SITTING
502,SITTING
503,SITTING
504,SITTING
505,SITTING
506,SITTING
507,SITTING
508,STANDING
509,SITTING
510,STANDING
511,STANDING
512,STANDING
513,SITTING
514,STANDING
515,STANDING
516,SITTING
517,SITTING
518,SITTING
519,SITTING
520,LAYING
521,LAYING
522,LAYING
523,LAYING
524,LAYING
525,LAYING
526,LAYING
527,LAYING
528,LAYING
529,LAYING
530,LAYING
531,LAYING
532,LAYING
533,LAYING
534,LAYING
535,LAYING
536,LAYING
537,LAYING
538,LAYING
539,LAYING
540,LAYING
541,LAYING
542,LAYING
543,LAYING
544,WALKING
545,WALKING
546,WALKING
547,WALKING
548,WALKING
549,WALKING
550,WALKING
551,WALKING
552,WALKING
553,WALKING
554,WALKING
555,WALKING
556,WALKING
557,WALKING
558,WALKING
559,WALKING
560,WALKING
561,WALKING
562,WALKING
563,WALKING
564,WALKING
565,WALKING
566,WALKING
567,WALKING
568,WALKING
569,WALKING
570,WALKING
571,WALKING
572,WALKING
573,WALKING_DOWNSTAIRS
574,WALKING_DOWNSTAIRS
575,WALKING_DOWNSTAIRS
576,WALKING_DOWNSTAIRS
577,WALKING_DOWNSTAIRS
578,WALKING_DOWNSTAIRS
579,WALKING_DOWNSTAIRS
580,WALKING_DOWNSTAIRS
581,WALKING_DOWNSTAIRS
582,WALKING_DOWNSTAIRS
583,WALKING_DOWNSTAIRS
584,WALKING_DOWNSTAIRS
585,WALKING_DOWNSTAIRS
586,WALKING_DOWNSTAIRS
587,WALKING_DOWNSTAIRS
588,WALKING_DOWNSTAIRS
589,WALKING_DOWNSTAIRS
590,WALKING_DOWNSTAIRS
591,WALKING_DOWNSTAIRS
592,WALKING_DOWNSTAIRS
593,WALKING_DOWNSTAIRS
594,WALKING_DOWNSTAIRS
595,WALKING_UPSTAIRS
596,WALKING_UPSTAIRS
597,WALKING_UPSTAIRS
598,WALKING_UPSTAIRS
599,WALKING_DOWNSTAIRS
600,WALKING_UPSTAIRS
601,WALKING_UPSTAIRS
602,WALKING
603,WALKING_UPSTAIRS
604,WALKING_UPSTAIRS
605,WALKING_UPSTAIRS
606,WALKING_UPSTAIRS
607,WALKING_UPSTAIRS
608,WALKING_UPSTAIRS
609,WALKING_DOWNSTAIRS
610,WALKING_DOWNSTAIRS
611,WALKING_UPSTAIRS
612,WALKING_UPSTAIRS
613,WALKING_UPSTAIRS
614,WALKING_UPSTAIRS
615,WALKING_UPSTAIRS
616,WALKING_UPSTAIRS
617,WALKING_DOWNSTAIRS
618,WALKING_UPSTAIRS
619,STANDING
620,STANDING
621,STANDING
622,STANDING
623,STANDING
624,STANDING
625,STANDING
626,STANDING
627,STANDING
628,STANDING
629,STANDING
630,STANDING
631,STANDING
632,STANDING
633,STANDING
634,STANDING
635,STANDING
636,STANDING
637,STANDING
638,STANDING
639,STANDING
640,STANDING
641,STANDING
642,SITTING
643,SITTING
644,SITTING
645,SITTING
646,SITTING
647,SITTING
648,SITTING
649,SITTING
650,SITTING
651,SITTING
652,SITTING
653,SITTING
654,SITTING
655,SITTING
656,SITTING
657,SITTING
658,SITTING
659,SITTING
660,SITTING
661,SITTING
662,SITTING
663,SITTING
664,SITTING
665,SITTING
666,LAYING
667,LAYING
668,LAYING
669,LAYING
670,LAYING
671,LAYING
672,LAYING
673,LAYING
674,LAYING
675,LAYING
676,LAYING
677,LAYING
678,LAYING
679,LAYING
680,LAYING
681,LAYING
682,LAYING
683,LAYING
684,LAYING
685,LAYING
686,LAYING
687,LAYING
688,LAYING
689,LAYING
690,WALKING
691,WALKING
692,WALKING
693,WALKING
694,WALKING
695,WALKING
696,WALKING
697,WALKING
698,WALKING
699,WALKING
700,WALKING
701,WALKING
702,WALKING
703,WALKING
704,WALKING
705,WALKING
706,WALKING
707,WALKING
708,WALKING
709,WALKING
710,WALKING
711,WALKING
712,WALKING
713,WALKING
714,WALKING
715,WALKING
716,WALKING_DOWNSTAIRS
717,WALKING_DOWNSTAIRS
718,WALKING_DOWNSTAIRS
719,WALKING_DOWNSTAIRS
720,WALKING_DOWNSTAIRS
721,WALKING_DOWNSTAIRS
722,WALKING_DOWNSTAIRS
723,WALKING_UPSTAIRS
724,WALKING_UPSTAIRS
725,WALKING_UPSTAIRS
726,WALKING
727,WALKING
728,WALKING
729,WALKING_UPSTAIRS
730,WALKING_UPSTAIRS
731,WALKING
732,WALKING
733,WALKING_DOWNSTAIRS
734,WALKING_DOWNSTAIRS
735,WALKING_DOWNSTAIRS
736,WALKING_DOWNSTAIRS
737,WALKING_DOWNSTAIRS
738,WALKING_DOWNSTAIRS
739,WALKING
740,WALKING
741,WALKING
742,WALKING_UPSTAIRS
743,WALKING_UPSTAIRS
744,WALKING
745,WALKING_UPSTAIRS
746,WALKING_UPSTAIRS
747,WALKING_DOWNSTAIRS
748,WALKING_DOWNSTAIRS
749,WALKING_DOWNSTAIRS
750,WALKING_DOWNSTAIRS
751,WALKING_DOWNSTAIRS
752,WALKING_DOWNSTAIRS
753,WALKING_DOWNSTAIRS
754,WALKING_DOWNSTAIRS
755,WALKING_UPSTAIRS
756,WALKING
757,WALKING
758,WALKING_UPSTAIRS
759,WALKING
760,WALKING
761,WALKING
762,WALKING
763,STANDING
764,STANDING
765,STANDING
766,STANDING
767,STANDING
768,STANDING
769,STANDING
770,STANDING
771,STANDING
772,STANDING
773,STANDING
774,SITTING
775,SITTING
776,SITTING
777,STANDING
778,STANDING
779,STANDING
780,STANDING
781,STANDING
782,STANDING
783,STANDING
784,STANDING
785,STANDING
786,STANDING
787,STANDING
788,STANDING
789,SITTING
790,SITTING
791,WALKING_UPSTAIRS
792,WALKING_UPSTAIRS
793,STANDING
794,STANDING
795,STANDING
796,SITTING
797,STANDING
798,SITTING
799,SITTING
800,SITTING
801,STANDING
802,STANDING
803,SITTING
804,SITTING
805,SITTING
806,SITTING
807,SITTING
808,SITTING
809,STANDING
810,SITTING
811,LAYING
812,LAYING
813,LAYING
814,LAYING
815,LAYING
816,LAYING
817,LAYING
818,LAYING
819,LAYING
820,LAYING
821,LAYING
822,LAYING
823,LAYING
824,LAYING
825,LAYING
826,LAYING
827,LAYING
828,LAYING
829,LAYING
830,LAYING
831,LAYING
832,LAYING
833,LAYING
834,LAYING
835,LAYING
836,LAYING
837,WALKING
838,WALKING
839,WALKING
840,WALKING
841,WALKING
842,WALKING
843,WALKING
844,WALKING
845,WALKING
846,WALKING
847,WALKING
848,WALKING
849,WALKING
850,WALKING
851,WALKING
852,WALKING
853,WALKING
854,WALKING
855,WALKING
856,WALKING
857,WALKING
858,WALKING
859,WALKING
860,WALKING
861,WALKING
862,WALKING
863,WALKING_DOWNSTAIRS
864,WALKING_DOWNSTAIRS
865,WALKING_DOWNSTAIRS
866,WALKING_DOWNSTAIRS
867,WALKING_DOWNSTAIRS
868,WALKING_DOWNSTAIRS
869,WALKING_DOWNSTAIRS
870,WALKING_DOWNSTAIRS
871,WALKING_DOWNSTAIRS
872,WALKING_DOWNSTAIRS
873,WALKING_DOWNSTAIRS
874,WALKING_DOWNSTAIRS
875,WALKING_DOWNSTAIRS
876,WALKING_DOWNSTAIRS
877,WALKING_UPSTAIRS
878,WALKING_UPSTAIRS
879,WALKING_UPSTAIRS
880,WALKING_UPSTAIRS
881,WALKING_UPSTAIRS
882,WALKING_UPSTAIRS
883,WALKING_UPSTAIRS
884,WALKING_UPSTAIRS
885,WALKING_UPSTAIRS
886,WALKING_UPSTAIRS
887,WALKING_UPSTAIRS
888,WALKING_UPSTAIRS
889,WALKING_UPSTAIRS
890,WALKING_UPSTAIRS
891,WALKING_UPSTAIRS
892,WALKING_UPSTAIRS
893,WALKING_UPSTAIRS
894,WALKING_UPSTAIRS
895,WALKING_UPSTAIRS
896,WALKING_UPSTAIRS
897,WALKING_UPSTAIRS
898,WALKING_UPSTAIRS
899,WALKING_UPSTAIRS
900,WALKING_DOWNSTAIRS
901,WALKING_DOWNSTAIRS
902,WALKING_DOWNSTAIRS
903,WALKING_DOWNSTAIRS
904,WALKING_DOWNSTAIRS
905,WALKING_DOWNSTAIRS
906,WALKING_DOWNSTAIRS
907,STANDING
908,STANDING
909,STANDING
910,STANDING
911,STANDING
912,STANDING
913,STANDING
914,STANDING
915,STANDING
916,STANDING
917,STANDING
918,STANDING
919,STANDING
920,STANDING
921,STANDING
922,STANDING
923,STANDING
924,STANDING
925,STANDING
926,STANDING
927,STANDING
928,STANDING
929,STANDING
930,SITTING
931,SITTING
932,SITTING
933,SITTING
934,SITTING
935,SITTING
936,SITTING
937,SITTING
938,SITTING
939,SITTING
940,SITTING
941,SITTING
942,SITTING
943,SITTING
944,SITTING
945,SITTING
946,SITTING
947,SITTING
948,SITTING
949,SITTING
950,SITTING
951,SITTING
952,SITTING
953,SITTING
954,LAYING
955,LAYING
956,LAYING
957,LAYING
958,LAYING
959,LAYING
960,LAYING
961,LAYING
962,LAYING
963,LAYING
964,LAYING
965,LAYING
966,LAYING
967,LAYING
968,LAYING
969,LAYING
970,LAYING
971,LAYING
972,LAYING
973,LAYING
974,LAYING
975,LAYING
976,LAYING
977,LAYING
978,LAYING
979,LAYING
980,LAYING
981,LAYING
982,LAYING
983,LAYING
984,LAYING
985,WALKING
986,WALKING
987,WALKING
988,WALKING
989,WALKING
990,WALKING
991,WALKING
992,WALKING
993,WALKING
994,WALKING
995,WALKING
996,WALKING
997,WALKING
998,WALKING
999,WALKING
1000,WALKING
1001,WALKING
1002,WALKING
1003,WALKING
1004,WALKING
1005,WALKING
1006,WALKING
1007,WALKING
1008,WALKING
1009,WALKING
1010,WALKING
1011,WALKING
1012,WALKING_DOWNSTAIRS
1013,WALKING_DOWNSTAIRS
1014,WALKING_DOWNSTAIRS
1015,WALKING_DOWNSTAIRS
1016,WALKING_DOWNSTAIRS
1017,WALKING_DOWNSTAIRS
1018,WALKING_DOWNSTAIRS
1019,WALKING_DOWNSTAIRS
1020,WALKING_DOWNSTAIRS
1021,WALKING_DOWNSTAIRS
1022,WALKING_DOWNSTAIRS
1023,WALKING_DOWNSTAIRS
1024,WALKING_DOWNSTAIRS
1025,WALKING_DOWNSTAIRS
1026,WALKING_DOWNSTAIRS
1027,WALKING_DOWNSTAIRS
1028,WALKING_DOWNSTAIRS
1029,WALKING_DOWNSTAIRS
1030,WALKING_DOWNSTAIRS
1031,WALKING_UPSTAIRS
1032,WALKING_UPSTAIRS
1033,WALKING_UPSTAIRS
1034,WALKING_UPSTAIRS
1035,WALKING_UPSTAIRS
1036,WALKING_UPSTAIRS
1037,WALKING_UPSTAIRS
1038,WALKING_UPSTAIRS
1039,WALKING_UPSTAIRS
1040,WALKING_UPSTAIRS
1041,WALKING_UPSTAIRS
1042,WALKING_UPSTAIRS
1043,WALKING_UPSTAIRS
1044,WALKING_UPSTAIRS
1045,WALKING_UPSTAIRS
1046,WALKING_UPSTAIRS
1047,WALKING_UPSTAIRS
1048,WALKING_UPSTAIRS
1049,WALKING_UPSTAIRS
1050,WALKING_UPSTAIRS
1051,WALKING_UPSTAIRS
1052,WALKING
1053,WALKING
1054,STANDING
1055,SITTING
1056,STANDING
1057,STANDING
1058,STANDING
1059,STANDING
1060,STANDING
1061,STANDING
1062,STANDING
1063,STANDING
1064,STANDING
1065,STANDING
1066,STANDING
1067,STANDING
1068,STANDING
1069,STANDING
1070,STANDING
1071,SITTING
1072,SITTING
1073,STANDING
1074,STANDING
1075,SITTING
1076,SITTING
1077,STANDING
1078,STANDING
1079,STANDING
1080,STANDING
1081,STANDING
1082,STANDING
1083,STANDING
1084,STANDING
1085,STANDING
1086,STANDING
1087,STANDING
1088,STANDING
1089,STANDING
1090,STANDING
1091,STANDING
1092,STANDING
1093,SITTING
1094,SITTING
1095,STANDING
1096,SITTING
1097,STANDING
1098,STANDING
1099,STANDING
1100,SITTING
1101,SITTING
1102,STANDING
1103,SITTING
1104,SITTING
1105,LAYING
1106,LAYING
1107,LAYING
1108,LAYING
1109,LAYING
1110,LAYING
1111,LAYING
1112,LAYING
1113,LAYING
1114,LAYING
1115,LAYING
1116,LAYING
1117,LAYING
1118,LAYING
1119,LAYING
1120,LAYING
1121,LAYING
1122,LAYING
1123,LAYING
1124,LAYING
1125,LAYING
1126,LAYING
1127,LAYING
1128,LAYING
1129,LAYING
1130,LAYING
1131,LAYING
1132,WALKING
1133,WALKING
1134,WALKING
1135,WALKING
1136,WALKING
1137,WALKING
1138,WALKING
1139,WALKING
1140,WALKING
1141,WALKING
1142,WALKING_DOWNSTAIRS
1143,WALKING
1144,WALKING
1145,WALKING
1146,WALKING
1147,WALKING
1148,WALKING
1149,WALKING
1150,WALKING
1151,WALKING_DOWNSTAIRS
1152,WALKING_DOWNSTAIRS
1153,WALKING
1154,WALKING
1155,WALKING
1156,WALKING
1157,WALKING
1158,WALKING_DOWNSTAIRS
1159,WALKING_DOWNSTAIRS
1160,WALKING_DOWNSTAIRS
1161,WALKING_DOWNSTAIRS
1162,WALKING_DOWNSTAIRS
1163,WALKING_DOWNSTAIRS
1164,WALKING_DOWNSTAIRS
1165,WALKING_DOWNSTAIRS
1166,WALKING_DOWNSTAIRS
1167,WALKING_DOWNSTAIRS
1168,WALKING_DOWNSTAIRS
1169,WALKING_DOWNSTAIRS
1170,WALKING_DOWNSTAIRS
1171,WALKING_DOWNSTAIRS
1172,WALKING_DOWNSTAIRS
1173,WALKING_DOWNSTAIRS
1174,WALKING_DOWNSTAIRS
1175,WALKING_DOWNSTAIRS
1176,WALKING_DOWNSTAIRS
1177,WALKING_UPSTAIRS
1178,WALKING_UPSTAIRS
1179,WALKING
1180,WALKING
1181,WALKING_UPSTAIRS
1182,WALKING_DOWNSTAIRS
1183,WALKING
1184,WALKING_UPSTAIRS
1185,WALKING_UPSTAIRS
1186,WALKING_UPSTAIRS
1187,WALKING
1188,WALKING
1189,WALKING
1190,WALKING_UPSTAIRS
1191,WALKING_UPSTAIRS
1192,WALKING_UPSTAIRS
1193,WALKING_UPSTAIRS
1194,WALKING
1195,WALKING
1196,WALKING_UPSTAIRS
1197,WALKING_UPSTAIRS
1198,WALKING_UPSTAIRS
1199,WALKING_UPSTAIRS
1200,WALKING_UPSTAIRS
1201,STANDING
1202,STANDING
1203,STANDING
1204,STANDING
1205,STANDING
1206,STANDING
1207,STANDING
1208,STANDING
1209,STANDING
1210,STANDING
1211,STANDING
1212,STANDING
1213,STANDING
1214,STANDING
1215,STANDING
1216,STANDING
1217,STANDING
1218,STANDING
1219,STANDING
1220,STANDING
1221,STANDING
1222,STANDING
1223,STANDING
1224,STANDING
1225,STANDING
1226,STANDING
1227,STANDING
1228,SITTING
1229,SITTING
1230,SITTING
1231,SITTING
1232,SITTING
1233,SITTING
1234,SITTING
1235,SITTING
1236,SITTING
1237,SITTING
1238,SITTING
1239,SITTING
1240,STANDING
1241,SITTING
1242,SITTING
1243,STANDING
1244,STANDING
1245,SITTING
1246,SITTING
1247,SITTING
1248,SITTING
1249,SITTING
1250,SITTING
1251,STANDING
1252,STANDING
1253,STANDING
1254,STANDING
1255,STANDING
1256,LAYING
1257,LAYING
1258,LAYING
1259,LAYING
1260,LAYING
1261,LAYING
1262,LAYING
1263,LAYING
1264,LAYING
1265,LAYING
1266,LAYING
1267,LAYING
1268,LAYING
1269,LAYING
1270,LAYING
1271,LAYING
1272,LAYING
1273,LAYING
1274,LAYING
1275,LAYING
1276,LAYING
1277,LAYING
1278,LAYING
1279,LAYING
1280,LAYING
1281,LAYING
1282,LAYING
1283,WALKING
1284,WALKING
1285,WALKING
1286,WALKING
1287,WALKING
1288,WALKING
1289,WALKING
1290,WALKING
1291,WALKING
1292,WALKING
1293,WALKING
1294,WALKING
1295,WALKING
1296,WALKING
1297,WALKING
1298,WALKING
1299,WALKING
1300,WALKING
1301,WALKING
1302,WALKING
1303,WALKING
1304,WALKING
1305,WALKING
1306,WALKING
1307,WALKING
1308,WALKING
1309,WALKING
1310,WALKING_DOWNSTAIRS
1311,WALKING_DOWNSTAIRS
1312,WALKING_DOWNSTAIRS
1313,WALKING_DOWNSTAIRS
1314,WALKING_DOWNSTAIRS
1315,WALKING_DOWNSTAIRS
1316,WALKING_DOWNSTAIRS
1317,WALKING_DOWNSTAIRS
1318,WALKING_DOWNSTAIRS
1319,WALKING_DOWNSTAIRS
1320,WALKING_DOWNSTAIRS
1321,WALKING_DOWNSTAIRS
1322,WALKING_DOWNSTAIRS
1323,WALKING_DOWNSTAIRS
1324,WALKING_DOWNSTAIRS
1325,WALKING_DOWNSTAIRS
1326,WALKING_DOWNSTAIRS
1327,WALKING_DOWNSTAIRS
1328,WALKING_DOWNSTAIRS
1329,WALKING_DOWNSTAIRS
1330,WALKING
1331,WALKING_DOWNSTAIRS
1332,WALKING_DOWNSTAIRS
1333,WALKING_DOWNSTAIRS
1334,WALKING_DOWNSTAIRS
1335,WALKING_UPSTAIRS
1336,WALKING_UPSTAIRS
1337,WALKING_UPSTAIRS
1338,WALKING_UPSTAIRS
1339,WALKING_UPSTAIRS
1340,WALKING_UPSTAIRS
1341,WALKING_UPSTAIRS
1342,WALKING_UPSTAIRS
1343,WALKING_UPSTAIRS
1344,WALKING_UPSTAIRS
1345,WALKING_UPSTAIRS
1346,WALKING
1347,WALKING_UPSTAIRS
1348,WALKING_UPSTAIRS
1349,WALKING_UPSTAIRS
1350,WALKING_UPSTAIRS
1351,WALKING_UPSTAIRS
1352,WALKING_UPSTAIRS
1353,WALKING_UPSTAIRS
1354,WALKING_UPSTAIRS
1355,WALKING_UPSTAIRS
1356,WALKING_UPSTAIRS
1357,WALKING_UPSTAIRS
1358,WALKING_UPSTAIRS
1359,WALKING_UPSTAIRS
1360,WALKING_UPSTAIRS
1361,WALKING_UPSTAIRS
1362,STANDING
1363,SITTING
1364,STANDING
1365,STANDING
1366,STANDING
1367,STANDING
1368,STANDING
1369,STANDING
1370,STANDING
1371,STANDING
1372,STANDING
1373,STANDING
1374,STANDING
1375,STANDING
1376,STANDING
1377,STANDING
1378,STANDING
1379,STANDING
1380,STANDING
1381,STANDING
1382,STANDING
1383,STANDING
1384,STANDING
1385,STANDING
1386,STANDING
1387,STANDING
1388,STANDING
1389,STANDING
1390,STANDING
1391,STANDING
1392,STANDING
1393,STANDING
1394,STANDING
1395,STANDING
1396,SITTING
1397,SITTING
1398,SITTING
1399,SITTING
1400,STANDING
1401,SITTING
1402,SITTING
1403,STANDING
1404,SITTING
1405,SITTING
1406,SITTING
1407,SITTING
1408,SITTING
1409,SITTING
1410,SITTING
1411,SITTING
1412,SITTING
1413,SITTING
1414,STANDING
1415,STANDING
1416,SITTING
1417,SITTING
1418,SITTING
1419,LAYING
1420,LAYING
1421,LAYING
1422,LAYING
1423,LAYING
1424,LAYING
1425,LAYING
1426,LAYING
1427,LAYING
1428,LAYING
1429,LAYING
1430,LAYING
1431,LAYING
1432,LAYING
1433,LAYING
1434,LAYING
1435,LAYING
1436,LAYING
1437,LAYING
1438,LAYING
1439,LAYING
1440,LAYING
1441,LAYING
1442,LAYING
1443,LAYING
1444,LAYING
1445,LAYING
1446,LAYING
1447,LAYING
1448,LAYING
1449,LAYING
1450,LAYING
1451,LAYING
1452,WALKING
1453,WALKING
1454,WALKING
1455,WALKING
1456,WALKING
1457,WALKING
1458,WALKING
1459,WALKING
1460,WALKING
1461,WALKING
1462,WALKING
1463,WALKING
1464,WALKING
1465,WALKING
1466,WALKING
1467,WALKING
1468,WALKING
1469,WALKING
1470,WALKING
1471,WALKING
1472,WALKING
1473,WALKING
1474,WALKING
1475,WALKING_DOWNSTAIRS
1476,WALKING_DOWNSTAIRS
1477,WALKING_DOWNSTAIRS
1478,WALKING_DOWNSTAIRS
1479,WALKING_DOWNSTAIRS
1480,WALKING_DOWNSTAIRS
1481,WALKING_DOWNSTAIRS
1482,WALKING_DOWNSTAIRS
1483,WALKING_DOWNSTAIRS
1484,WALKING_DOWNSTAIRS
1485,WALKING_DOWNSTAIRS
1486,WALKING_DOWNSTAIRS
1487,WALKING_DOWNSTAIRS
1488,WALKING_DOWNSTAIRS
1489,WALKING_DOWNSTAIRS
1490,WALKING_DOWNSTAIRS
1491,WALKING_DOWNSTAIRS
1492,WALKING_DOWNSTAIRS
1493,WALKING_DOWNSTAIRS
1494,WALKING_DOWNSTAIRS
1495,WALKING_DOWNSTAIRS
1496,WALKING_UPSTAIRS
1497,WALKING_UPSTAIRS
1498,WALKING_UPSTAIRS
1499,WALKING_UPSTAIRS
1500,WALKING_UPSTAIRS
1501,WALKING_UPSTAIRS
1502,WALKING_UPSTAIRS
1503,WALKING_UPSTAIRS
1504,WALKING_UPSTAIRS
1505,WALKING_UPSTAIRS
1506,WALKING_UPSTAIRS
1507,WALKING_UPSTAIRS
1508,WALKING_UPSTAIRS
1509,WALKING_UPSTAIRS
1510,WALKING_UPSTAIRS
1511,WALKING_UPSTAIRS
1512,WALKING_UPSTAIRS
1513,WALKING_UPSTAIRS
1514,WALKING_UPSTAIRS
1515,WALKING_UPSTAIRS
1516,WALKING_UPSTAIRS
1517,WALKING_UPSTAIRS
1518,WALKING_UPSTAIRS
1519,WALKING_UPSTAIRS
1520,WALKING_UPSTAIRS
1521,STANDING
1522,STANDING
1523,STANDING
1524,STANDING
1525,STANDING
1526,STANDING
1527,STANDING
1528,STANDING
1529,STANDING
1530,STANDING
1531,STANDING
1532,STANDING
1533,STANDING
1534,STANDING
1535,STANDING
1536,STANDING
1537,STANDING
1538,STANDING
1539,STANDING
1540,STANDING
1541,STANDING
1542,STANDING
1543,STANDING
1544,STANDING
1545,STANDING
1546,STANDING
1547,STANDING
1548,SITTING
1549,SITTING
1550,SITTING
1551,SITTING
1552,SITTING
1553,SITTING
1554,SITTING
1555,SITTING
1556,SITTING
1557,SITTING
1558,SITTING
1559,SITTING
1560,SITTING
1561,SITTING
1562,SITTING
1563,SITTING
1564,SITTING
1565,SITTING
1566,SITTING
1567,SITTING
1568,SITTING
1569,SITTING
1570,SITTING
1571,SITTING
1572,LAYING
1573,LAYING
1574,LAYING
1575,LAYING
1576,LAYING
1577,LAYING
1578,LAYING
1579,LAYING
1580,LAYING
1581,LAYING
1582,LAYING
1583,LAYING
1584,LAYING
1585,LAYING
1586,LAYING
1587,LAYING
1588,LAYING
1589,LAYING
1590,LAYING
1591,LAYING
1592,LAYING
1593,LAYING
1594,LAYING
1595,LAYING
1596,LAYING
1597,LAYING
1598,LAYING
1599,LAYING
1600,LAYING
1601,LAYING
1602,LAYING
1603,LAYING
1604,LAYING
1605,WALKING
1606,WALKING
1607,WALKING
1608,WALKING
1609,WALKING
1610,WALKING
1611,WALKING
1612,WALKING
1613,WALKING
1614,WALKING
1615,WALKING
1616,WALKING
1617,WALKING
1618,WALKING
1619,WALKING
1620,WALKING
1621,WALKING
1622,WALKING
1623,WALKING
1624,WALKING
1625,WALKING
1626,WALKING
1627,WALKING
1628,WALKING
1629,WALKING
1630,WALKING
1631,WALKING
1632,WALKING
1633,WALKING
1634,WALKING
1635,WALKING_DOWNSTAIRS
1636,WALKING
1637,WALKING
1638,WALKING_DOWNSTAIRS
1639,WALKING_DOWNSTAIRS
1640,WALKING_DOWNSTAIRS
1641,WALKING
1642,WALKING_DOWNSTAIRS
1643,WALKING_DOWNSTAIRS
1644,WALKING_DOWNSTAIRS
1645,WALKING_DOWNSTAIRS
1646,WALKING_DOWNSTAIRS
1647,WALKING_DOWNSTAIRS
1648,WALKING_DOWNSTAIRS
1649,WALKING_DOWNSTAIRS
1650,WALKING_DOWNSTAIRS
1651,WALKING_DOWNSTAIRS
1652,WALKING_DOWNSTAIRS
1653,WALKING_DOWNSTAIRS
1654,WALKING_DOWNSTAIRS
1655,WALKING_DOWNSTAIRS
1656,WALKING_DOWNSTAIRS
1657,WALKING_DOWNSTAIRS
1658,WALKING_DOWNSTAIRS
1659,WALKING_DOWNSTAIRS
1660,WALKING_DOWNSTAIRS
1661,WALKING_DOWNSTAIRS
1662,WALKING_UPSTAIRS
1663,WALKING_UPSTAIRS
1664,WALKING_UPSTAIRS
1665,WALKING_UPSTAIRS
1666,WALKING_UPSTAIRS
1667,WALKING_UPSTAIRS
1668,WALKING_UPSTAIRS
1669,WALKING_UPSTAIRS
1670,WALKING_UPSTAIRS
1671,WALKING_UPSTAIRS
1672,WALKING_UPSTAIRS
1673,WALKING_UPSTAIRS
1674,WALKING_UPSTAIRS
1675,WALKING_UPSTAIRS
1676,WALKING_UPSTAIRS
1677,WALKING_UPSTAIRS
1678,WALKING_UPSTAIRS
1679,WALKING_UPSTAIRS
1680,WALKING_UPSTAIRS
1681,WALKING_UPSTAIRS
1682,WALKING_UPSTAIRS
1683,WALKING_UPSTAIRS
1684,WALKING_UPSTAIRS
1685,WALKING_UPSTAIRS
1686,WALKING_UPSTAIRS
1687,WALKING_UPSTAIRS
1688,WALKING_UPSTAIRS
1689,WALKING_UPSTAIRS
1690,WALKING_UPSTAIRS
1691,WALKING_UPSTAIRS
1692,WALKING_UPSTAIRS
1693,STANDING
1694,STANDING
1695,STANDING
1696,STANDING
1697,STANDING
1698,STANDING
1699,STANDING
1700,STANDING
1701,STANDING
1702,STANDING
1703,STANDING
1704,STANDING
1705,STANDING
1706,STANDING
1707,STANDING
1708,STANDING
1709,STANDING
1710,STANDING
1711,STANDING
1712,STANDING
1713,STANDING
1714,STANDING
1715,STANDING
1716,STANDING
1717,STANDING
1718,STANDING
1719,STANDING
1720,STANDING
1721,STANDING
1722,STANDING
1723,SITTING
1724,SITTING
1725,SITTING
1726,SITTING
1727,SITTING
1728,SITTING
1729,SITTING
1730,SITTING
1731,SITTING
1732,SITTING
1733,SITTING
1734,SITTING
1735,SITTING
1736,SITTING
1737,SITTING
1738,SITTING
1739,SITTING
1740,SITTING
1741,SITTING
1742,SITTING
1743,SITTING
1744,SITTING
1745,SITTING
1746,SITTING
1747,SITTING
1748,LAYING
1749,LAYING
1750,LAYING
1751,LAYING
1752,LAYING
1753,LAYING
1754,LAYING
1755,LAYING
1756,LAYING
1757,LAYING
1758,LAYING
1759,LAYING
1760,LAYING
1761,LAYING
1762,LAYING
1763,LAYING
1764,LAYING
1765,LAYING
1766,LAYING
1767,LAYING
1768,LAYING
1769,LAYING
1770,LAYING
1771,LAYING
1772,LAYING
1773,LAYING
1774,LAYING
1775,LAYING
1776,LAYING
1777,WALKING
1778,WALKING
1779,WALKING
1780,WALKING
1781,WALKING
1782,WALKING
1783,WALKING
1784,WALKING
1785,WALKING
1786,WALKING
1787,WALKING
1788,WALKING
1789,WALKING
1790,WALKING
1791,WALKING
1792,WALKING
1793,WALKING
1794,WALKING
1795,WALKING
1796,WALKING
1797,WALKING
1798,WALKING
1799,WALKING
1800,WALKING
1801,WALKING
1802,WALKING
1803,WALKING
1804,WALKING_DOWNSTAIRS
1805,WALKING_DOWNSTAIRS
1806,WALKING_DOWNSTAIRS
1807,WALKING_DOWNSTAIRS
1808,WALKING_DOWNSTAIRS
1809,WALKING_DOWNSTAIRS
1810,WALKING_DOWNSTAIRS
1811,WALKING_DOWNSTAIRS
1812,WALKING_DOWNSTAIRS
1813,WALKING_DOWNSTAIRS
1814,WALKING_DOWNSTAIRS
1815,WALKING_DOWNSTAIRS
1816,WALKING_DOWNSTAIRS
1817,WALKING_DOWNSTAIRS
1818,WALKING_DOWNSTAIRS
1819,WALKING_DOWNSTAIRS
1820,WALKING_DOWNSTAIRS
1821,WALKING_DOWNSTAIRS
1822,WALKING_DOWNSTAIRS
1823,WALKING_DOWNSTAIRS
1824,WALKING_UPSTAIRS
1825,WALKING_UPSTAIRS
1826,WALKING_UPSTAIRS
1827,WALKING_UPSTAIRS
1828,WALKING_UPSTAIRS
1829,WALKING_UPSTAIRS
1830,WALKING_UPSTAIRS
1831,WALKING_UPSTAIRS
1832,WALKING_UPSTAIRS
1833,WALKING_UPSTAIRS
1834,WALKING_UPSTAIRS
1835,WALKING_UPSTAIRS
1836,WALKING_UPSTAIRS
1837,WALKING_UPSTAIRS
1838,WALKING_UPSTAIRS
1839,WALKING_UPSTAIRS
1840,WALKING_UPSTAIRS
1841,WALKING_UPSTAIRS
1842,WALKING_UPSTAIRS
1843,WALKING_UPSTAIRS
1844,WALKING_UPSTAIRS
1845,WALKING_UPSTAIRS
1846,WALKING_UPSTAIRS
1847,WALKING_UPSTAIRS
1848,STANDING
1849,STANDING
1850,STANDING
1851,STANDING
1852,STANDING
1853,STANDING
1854,STANDING
1855,STANDING
1856,STANDING
1857,STANDING
1858,STANDING
1859,STANDING
1860,STANDING
1861,STANDING
1862,STANDING
1863,STANDING
1864,STANDING
1865,STANDING
1866,STANDING
1867,STANDING
1868,STANDING
1869,STANDING
1870,STANDING
1871,STANDING
1872,STANDING
1873,STANDING
1874,STANDING
1875,STANDING
1876,STANDING
1877,STANDING
1878,STANDING
1879,STANDING
1880,STANDING
1881,STANDING
1882,STANDING
1883,STANDING
1884,STANDING
1885,STANDING
1886,STANDING
1887,STANDING
1888,SITTING
1889,SITTING
1890,SITTING
1891,SITTING
1892,SITTING
1893,SITTING
1894,SITTING
1895,SITTING
1896,SITTING
1897,SITTING
1898,SITTING
1899,SITTING
1900,SITTING
1901,SITTING
1902,SITTING
1903,SITTING
1904,SITTING
1905,SITTING
1906,SITTING
1907,SITTING
1908,SITTING
1909,SITTING
1910,SITTING
1911,SITTING
1912,SITTING
1913,SITTING
1914,SITTING
1915,SITTING
1916,SITTING
1917,SITTING
1918,LAYING
1919,LAYING
1920,LAYING
1921,LAYING
1922,LAYING
1923,LAYING
1924,LAYING
1925,LAYING
1926,LAYING
1927,LAYING
1928,LAYING
1929,LAYING
1930,LAYING
1931,LAYING
1932,LAYING
1933,LAYING
1934,LAYING
1935,LAYING
1936,LAYING
1937,LAYING
1938,LAYING
1939,LAYING
1940,LAYING
1941,LAYING
1942,LAYING
1943,LAYING
1944,LAYING
1945,LAYING
1946,LAYING
1947,LAYING
1948,LAYING
1949,LAYING
1950,WALKING
1951,WALKING
1952,WALKING
1953,WALKING
1954,WALKING
1955,WALKING
1956,WALKING
1957,WALKING
1958,WALKING
1959,WALKING
1960,WALKING
1961,WALKING
1962,WALKING
1963,WALKING
1964,WALKING
1965,WALKING
1966,WALKING
1967,WALKING
1968,WALKING
1969,WALKING
1970,WALKING
1971,WALKING
1972,WALKING
1973,WALKING
1974,WALKING
1975,WALKING
1976,WALKING
1977,WALKING
1978,WALKING
1979,WALKING_DOWNSTAIRS
1980,WALKING_DOWNSTAIRS
1981,WALKING_DOWNSTAIRS
1982,WALKING_DOWNSTAIRS
1983,WALKING_DOWNSTAIRS
1984,WALKING_DOWNSTAIRS
1985,WALKING_DOWNSTAIRS
1986,WALKING_DOWNSTAIRS
1987,WALKING_DOWNSTAIRS
1988,WALKING_DOWNSTAIRS
1989,WALKING_UPSTAIRS
1990,WALKING_UPSTAIRS
1991,WALKING_UPSTAIRS
1992,WALKING_UPSTAIRS
1993,WALKING_UPSTAIRS
1994,WALKING_UPSTAIRS
1995,WALKING_UPSTAIRS
1996,WALKING_UPSTAIRS
1997,WALKING_UPSTAIRS
1998,WALKING_UPSTAIRS
1999,WALKING_DOWNSTAIRS
2000,WALKING_DOWNSTAIRS
2001,WALKING_DOWNSTAIRS
2002,WALKING_DOWNSTAIRS
2003,WALKING_DOWNSTAIRS
2004,WALKING_DOWNSTAIRS
2005,WALKING_DOWNSTAIRS
2006,WALKING_DOWNSTAIRS
2007,WALKING_DOWNSTAIRS
2008,WALKING_UPSTAIRS
2009,WALKING_UPSTAIRS
2010,WALKING_UPSTAIRS
2011,WALKING_UPSTAIRS
2012,WALKING_UPSTAIRS
2013,WALKING_UPSTAIRS
2014,WALKING_UPSTAIRS
2015,WALKING_UPSTAIRS
2016,WALKING_UPSTAIRS
2017,WALKING_DOWNSTAIRS
2018,WALKING_DOWNSTAIRS
2019,WALKING_DOWNSTAIRS
2020,WALKING_DOWNSTAIRS
2021,WALKING_DOWNSTAIRS
2022,WALKING_DOWNSTAIRS
2023,WALKING_DOWNSTAIRS
2024,WALKING_DOWNSTAIRS
2025,WALKING_DOWNSTAIRS
2026,WALKING_UPSTAIRS
2027,WALKING_UPSTAIRS
2028,WALKING_UPSTAIRS
2029,WALKING_UPSTAIRS
2030,WALKING_UPSTAIRS
2031,WALKING_UPSTAIRS
2032,WALKING_UPSTAIRS
2033,WALKING_UPSTAIRS
2034,WALKING_UPSTAIRS
2035,WALKING_UPSTAIRS
2036,STANDING
2037,STANDING
2038,STANDING
2039,STANDING
2040,STANDING
2041,STANDING
2042,STANDING
2043,STANDING
2044,STANDING
2045,STANDING
2046,STANDING
2047,STANDING
2048,STANDING
2049,STANDING
2050,STANDING
2051,STANDING
2052,STANDING
2053,STANDING
2054,STANDING
2055,STANDING
2056,STANDING
2057,STANDING
2058,STANDING
2059,STANDING
2060,STANDING
2061,STANDING
2062,STANDING
2063,STANDING
2064,STANDING
2065,STANDING
2066,STANDING
2067,STANDING
2068,STANDING
2069,SITTING
2070,SITTING
2071,SITTING
2072,SITTING
2073,SITTING
2074,SITTING
2075,SITTING
2076,SITTING
2077,SITTING
2078,SITTING
2079,SITTING
2080,SITTING
2081,SITTING
2082,SITTING
2083,SITTING
2084,SITTING
2085,STANDING
2086,STANDING
2087,SITTING
2088,SITTING
2089,SITTING
2090,SITTING
2091,SITTING
2092,SITTING
2093,SITTING
2094,SITTING
2095,SITTING
2096,LAYING
2097,LAYING
2098,LAYING
2099,LAYING
2100,LAYING
2101,LAYING
2102,LAYING
2103,LAYING
2104,LAYING
2105,LAYING
2106,LAYING
2107,LAYING
2108,LAYING
2109,LAYING
2110,LAYING
2111,LAYING
2112,LAYING
2113,LAYING
2114,LAYING
2115,LAYING
2116,LAYING
2117,LAYING
2118,LAYING
2119,LAYING
2120,LAYING
2121,LAYING
2122,LAYING
2123,LAYING
2124,LAYING
2125,LAYING
2126,LAYING
2127,LAYING
2128,LAYING
2129,WALKING
2130,WALKING
2131,WALKING
2132,WALKING
2133,WALKING
2134,WALKING
2135,WALKING
2136,WALKING
2137,WALKING
2138,WALKING
2139,WALKING
2140,WALKING
2141,WALKING
2142,WALKING
2143,WALKING
2144,WALKING
2145,WALKING
2146,WALKING
2147,WALKING
2148,WALKING
2149,WALKING
2150,WALKING
2151,WALKING
2152,WALKING
2153,WALKING
2154,WALKING
2155,WALKING
2156,WALKING_DOWNSTAIRS
2157,WALKING_DOWNSTAIRS
2158,WALKING_DOWNSTAIRS
2159,WALKING_DOWNSTAIRS
2160,WALKING_DOWNSTAIRS
2161,WALKING_DOWNSTAIRS
2162,WALKING_DOWNSTAIRS
2163,WALKING_DOWNSTAIRS
2164,WALKING_DOWNSTAIRS
2165,WALKING_DOWNSTAIRS
2166,WALKING_DOWNSTAIRS
2167,WALKING
2168,WALKING_UPSTAIRS
2169,WALKING_UPSTAIRS
2170,WALKING_UPSTAIRS
2171,WALKING_UPSTAIRS
2172,WALKING_DOWNSTAIRS
2173,WALKING_DOWNSTAIRS
2174,WALKING_UPSTAIRS
2175,WALKING_UPSTAIRS
2176,WALKING_UPSTAIRS
2177,WALKING_UPSTAIRS
2178,WALKING_UPSTAIRS
2179,WALKING_UPSTAIRS
2180,WALKING_UPSTAIRS
2181,WALKING_UPSTAIRS
2182,WALKING_UPSTAIRS
2183,WALKING_UPSTAIRS
2184,WALKING_UPSTAIRS
2185,WALKING_UPSTAIRS
2186,WALKING_UPSTAIRS
2187,WALKING_UPSTAIRS
2188,WALKING_UPSTAIRS
2189,WALKING_UPSTAIRS
2190,WALKING_UPSTAIRS
2191,WALKING_UPSTAIRS
2192,WALKING_UPSTAIRS
2193,WALKING_UPSTAIRS
2194,WALKING_UPSTAIRS
2195,WALKING_UPSTAIRS
2196,WALKING_UPSTAIRS
2197,WALKING_UPSTAIRS
2198,WALKING_UPSTAIRS
2199,WALKING_UPSTAIRS
2200,WALKING_UPSTAIRS
2201,WALKING_UPSTAIRS
2202,WALKING_UPSTAIRS
2203,WALKING_DOWNSTAIRS
2204,WALKING_DOWNSTAIRS
2205,WALKING_DOWNSTAIRS
2206,WALKING_DOWNSTAIRS
2207,WALKING_DOWNSTAIRS
2208,WALKING_UPSTAIRS
2209,WALKING_UPSTAIRS
2210,WALKING_DOWNSTAIRS
2211,WALKING_DOWNSTAIRS
2212,STANDING
2213,STANDING
2214,STANDING
2215,STANDING
2216,STANDING
2217,STANDING
2218,STANDING
2219,STANDING
2220,STANDING
2221,STANDING
2222,STANDING
2223,STANDING
2224,STANDING
2225,STANDING
2226,STANDING
2227,STANDING
2228,STANDING
2229,STANDING
2230,STANDING
2231,STANDING
2232,STANDING
2233,STANDING
2234,STANDING
2235,STANDING
2236,STANDING
2237,STANDING
2238,STANDING
2239,STANDING
2240,STANDING
2241,STANDING
2242,STANDING
2243,STANDING
2244,STANDING
2245,STANDING
2246,STANDING
2247,STANDING
2248,STANDING
2249,STANDING
2250,SITTING
2251,SITTING
2252,SITTING
2253,SITTING
2254,SITTING
2255,SITTING
2256,SITTING
2257,SITTING
2258,SITTING
2259,SITTING
2260,SITTING
2261,SITTING
2262,SITTING
2263,SITTING
2264,SITTING
2265,SITTING
2266,SITTING
2267,SITTING
2268,SITTING
2269,SITTING
2270,SITTING
2271,SITTING
2272,SITTING
2273,SITTING
2274,SITTING
2275,STANDING
2276,SITTING
2277,SITTING
2278,SITTING
2279,SITTING
2280,SITTING
2281,SITTING
2282,SITTING
2283,SITTING
2284,SITTING
2285,SITTING
2286,LAYING
2287,LAYING
2288,LAYING
2289,LAYING
2290,LAYING
2291,LAYING
2292,LAYING
2293,LAYING
2294,LAYING
2295,LAYING
2296,LAYING
2297,LAYING
2298,LAYING
2299,LAYING
2300,LAYING
2301,LAYING
2302,LAYING
2303,LAYING
2304,LAYING
2305,LAYING
2306,LAYING
2307,LAYING
2308,LAYING
2309,LAYING
2310,LAYING
2311,LAYING
2312,LAYING
2313,LAYING
2314,LAYING
2315,LAYING
2316,LAYING
2317,WALKING
2318,WALKING
2319,WALKING
2320,WALKING
2321,WALKING
2322,WALKING
2323,WALKING
2324,WALKING
2325,WALKING
2326,WALKING
2327,WALKING
2328,WALKING
2329,WALKING
2330,WALKING
2331,WALKING
2332,WALKING
2333,WALKING
2334,WALKING
2335,WALKING
2336,WALKING
2337,WALKING
2338,WALKING_UPSTAIRS
2339,WALKING
2340,WALKING
2341,WALKING
2342,WALKING
2343,WALKING
2344,WALKING_DOWNSTAIRS
2345,WALKING_DOWNSTAIRS
2346,WALKING_DOWNSTAIRS
2347,WALKING_DOWNSTAIRS
2348,WALKING_DOWNSTAIRS
2349,WALKING_DOWNSTAIRS
2350,WALKING_DOWNSTAIRS
2351,WALKING_DOWNSTAIRS
2352,WALKING_DOWNSTAIRS
2353,WALKING_DOWNSTAIRS
2354,WALKING_DOWNSTAIRS
2355,WALKING_DOWNSTAIRS
2356,WALKING_DOWNSTAIRS
2357,WALKING_DOWNSTAIRS
2358,WALKING_DOWNSTAIRS
2359,WALKING_DOWNSTAIRS
2360,WALKING_DOWNSTAIRS
2361,WALKING_DOWNSTAIRS
2362,WALKING_DOWNSTAIRS
2363,WALKING_DOWNSTAIRS
2364,WALKING_DOWNSTAIRS
2365,WALKING_DOWNSTAIRS
2366,WALKING_UPSTAIRS
2367,WALKING_UPSTAIRS
2368,WALKING_UPSTAIRS
2369,WALKING_UPSTAIRS
2370,WALKING_UPSTAIRS
2371,WALKING_UPSTAIRS
2372,WALKING_UPSTAIRS
2373,WALKING_UPSTAIRS
2374,WALKING_UPSTAIRS
2375,WALKING_UPSTAIRS
2376,WALKING_UPSTAIRS
2377,WALKING_UPSTAIRS
2378,WALKING_UPSTAIRS
2379,WALKING_UPSTAIRS
2380,WALKING_UPSTAIRS
2381,WALKING_UPSTAIRS
2382,WALKING_UPSTAIRS
2383,WALKING_UPSTAIRS
2384,WALKING_UPSTAIRS
2385,WALKING_UPSTAIRS
2386,WALKING_UPSTAIRS
2387,WALKING_UPSTAIRS
2388,WALKING_UPSTAIRS
2389,WALKING_UPSTAIRS
2390,WALKING_UPSTAIRS
2391,WALKING_UPSTAIRS
2392,STANDING
2393,STANDING
2394,STANDING
2395,STANDING
2396,STANDING
2397,STANDING
2398,STANDING
2399,STANDING
2400,STANDING
2401,STANDING
2402,STANDING
2403,STANDING
2404,STANDING
2405,STANDING
2406,STANDING
2407,STANDING
2408,STANDING
2409,STANDING
2410,STANDING
2411,STANDING
2412,STANDING
2413,STANDING
2414,STANDING
2415,STANDING
2416,STANDING
2417,STANDING
2418,STANDING
2419,STANDING
2420,STANDING
2421,STANDING
2422,STANDING
2423,STANDING
2424,STANDING
2425,STANDING
2426,STANDING
2427,SITTING
2428,SITTING
2429,STANDING
2430,STANDING
2431,SITTING
2432,SITTING
2433,SITTING
2434,SITTING
2435,SITTING
2436,SITTING
2437,SITTING
2438,SITTING
2439,SITTING
2440,SITTING
2441,SITTING
2442,SITTING
2443,SITTING
2444,SITTING
2445,SITTING
2446,SITTING
2447,SITTING
2448,SITTING
2449,STANDING
2450,STANDING
2451,SITTING
2452,SITTING
2453,SITTING
2454,SITTING
2455,SITTING
2456,SITTING
2457,LAYING
2458,LAYING
2459,LAYING
2460,LAYING
2461,LAYING
2462,LAYING
2463,LAYING
2464,LAYING
2465,LAYING
2466,LAYING
2467,LAYING
2468,LAYING
2469,LAYING
2470,LAYING
2471,LAYING
2472,LAYING
2473,LAYING
2474,LAYING
2475,LAYING
2476,LAYING
2477,LAYING
2478,LAYING
2479,LAYING
2480,LAYING
2481,LAYING
2482,LAYING
2483,LAYING
2484,LAYING
2485,LAYING
2486,LAYING
2487,LAYING
2488,LAYING
2489,LAYING
2490,LAYING
2491,LAYING
2492,LAYING
2493,LAYING
2494,WALKING
2495,WALKING
2496,WALKING
2497,WALKING
2498,WALKING
2499,WALKING
2500,WALKING
2501,WALKING
2502,WALKING
2503,WALKING_UPSTAIRS
2504,WALKING
2505,WALKING
2506,WALKING
2507,WALKING
2508,WALKING
2509,WALKING
2510,WALKING
2511,WALKING
2512,WALKING
2513,WALKING
2514,WALKING
2515,WALKING
2516,WALKING
2517,WALKING
2518,WALKING_DOWNSTAIRS
2519,WALKING_DOWNSTAIRS
2520,WALKING_DOWNSTAIRS
2521,WALKING_DOWNSTAIRS
2522,WALKING_DOWNSTAIRS
2523,WALKING_DOWNSTAIRS
2524,WALKING_DOWNSTAIRS
2525,WALKING_DOWNSTAIRS
2526,WALKING_UPSTAIRS
2527,WALKING_DOWNSTAIRS
2528,WALKING_DOWNSTAIRS
2529,WALKING_DOWNSTAIRS
2530,WALKING_DOWNSTAIRS
2531,WALKING_DOWNSTAIRS
2532,WALKING_DOWNSTAIRS
2533,WALKING_UPSTAIRS
2534,WALKING_DOWNSTAIRS
2535,WALKING_DOWNSTAIRS
2536,WALKING_DOWNSTAIRS
2537,WALKING_DOWNSTAIRS
2538,WALKING_DOWNSTAIRS
2539,WALKING_DOWNSTAIRS
2540,WALKING_DOWNSTAIRS
2541,WALKING_UPSTAIRS
2542,WALKING_UPSTAIRS
2543,WALKING_UPSTAIRS
2544,WALKING_UPSTAIRS
2545,WALKING_UPSTAIRS
2546,WALKING_UPSTAIRS
2547,WALKING_UPSTAIRS
2548,WALKING_UPSTAIRS
2549,WALKING_UPSTAIRS
2550,WALKING_UPSTAIRS
2551,WALKING_UPSTAIRS
2552,WALKING_UPSTAIRS
2553,WALKING_UPSTAIRS
2554,WALKING_UPSTAIRS
2555,WALKING_UPSTAIRS
2556,WALKING_UPSTAIRS
2557,WALKING_UPSTAIRS
2558,WALKING_UPSTAIRS
2559,WALKING_UPSTAIRS
2560,WALKING_UPSTAIRS
2561,WALKING_UPSTAIRS
2562,WALKING_UPSTAIRS
2563,WALKING_UPSTAIRS
2564,WALKING_UPSTAIRS
2565,WALKING_UPSTAIRS
2566,STANDING
2567,STANDING
2568,STANDING
2569,STANDING
2570,STANDING
2571,STANDING
2572,STANDING
2573,STANDING
2574,STANDING
2575,STANDING
2576,STANDING
2577,STANDING
2578,STANDING
2579,STANDING
2580,STANDING
2581,STANDING
2582,STANDING
2583,STANDING
2584,STANDING
2585,STANDING
2586,STANDING
2587,STANDING
2588,STANDING
2589,STANDING
2590,STANDING
2591,STANDING
2592,STANDING
2593,STANDING
2594,STANDING
2595,STANDING
2596,STANDING
2597,STANDING
2598,STANDING
2599,SITTING
2600,SITTING
2601,SITTING
2602,SITTING
2603,SITTING
2604,SITTING
2605,SITTING
2606,SITTING
2607,SITTING
2608,SITTING
2609,SITTING
2610,SITTING
2611,SITTING
2612,SITTING
2613,SITTING
2614,SITTING
2615,SITTING
2616,SITTING
2617,SITTING
2618,SITTING
2619,SITTING
2620,SITTING
2621,SITTING
2622,SITTING
2623,SITTING
2624,SITTING
2625,SITTING
2626,SITTING
2627,SITTING
2628,SITTING
2629,SITTING
2630,SITTING
2631,SITTING
2632,SITTING
2633,LAYING
2634,LAYING
2635,LAYING
2636,LAYING
2637,LAYING
2638,LAYING
2639,LAYING
2640,LAYING
2641,LAYING
2642,LAYING
2643,LAYING
2644,LAYING
2645,LAYING
2646,LAYING
2647,LAYING
2648,LAYING
2649,LAYING
2650,LAYING
2651,LAYING
2652,LAYING
2653,LAYING
2654,LAYING
2655,LAYING
2656,LAYING
2657,LAYING
2658,LAYING
2659,LAYING
2660,LAYING
2661,LAYING
2662,LAYING
2663,LAYING
2664,LAYING
2665,LAYING
2666,LAYING
2667,LAYING
2668,LAYING
2669,WALKING
2670,WALKING
2671,WALKING
2672,WALKING
2673,WALKING
2674,WALKING
2675,WALKING
2676,WALKING
2677,WALKING
2678,WALKING
2679,WALKING
2680,WALKING
2681,WALKING
2682,WALKING
2683,WALKING
2684,WALKING
2685,WALKING
2686,WALKING
2687,WALKING
2688,WALKING
2689,WALKING
2690,WALKING
2691,WALKING
2692,WALKING
2693,WALKING
2694,WALKING
2695,WALKING
2696,WALKING
2697,WALKING_DOWNSTAIRS
2698,WALKING_DOWNSTAIRS
2699,WALKING_DOWNSTAIRS
2700,WALKING_DOWNSTAIRS
2701,WALKING_DOWNSTAIRS
2702,WALKING_DOWNSTAIRS
2703,WALKING_DOWNSTAIRS
2704,WALKING_DOWNSTAIRS
2705,WALKING_DOWNSTAIRS
2706,WALKING_DOWNSTAIRS
2707,WALKING_DOWNSTAIRS
2708,WALKING_DOWNSTAIRS
2709,WALKING_DOWNSTAIRS
2710,WALKING_DOWNSTAIRS
2711,WALKING_DOWNSTAIRS
2712,WALKING_DOWNSTAIRS
2713,WALKING_DOWNSTAIRS
2714,WALKING_DOWNSTAIRS
2715,WALKING_DOWNSTAIRS
2716,WALKING_DOWNSTAIRS
2717,WALKING_DOWNSTAIRS
2718,WALKING_DOWNSTAIRS
2719,WALKING_DOWNSTAIRS
2720,WALKING_DOWNSTAIRS
2721,WALKING_DOWNSTAIRS
2722,WALKING_DOWNSTAIRS
2723,WALKING_DOWNSTAIRS
2724,WALKING_UPSTAIRS
2725,WALKING_UPSTAIRS
2726,WALKING_UPSTAIRS
2727,WALKING_UPSTAIRS
2728,WALKING_UPSTAIRS
2729,WALKING_DOWNSTAIRS
2730,WALKING_UPSTAIRS
2731,WALKING_UPSTAIRS
2732,WALKING_UPSTAIRS
2733,WALKING_UPSTAIRS
2734,WALKING_UPSTAIRS
2735,WALKING_UPSTAIRS
2736,WALKING_UPSTAIRS
2737,WALKING_UPSTAIRS
2738,WALKING_UPSTAIRS
2739,WALKING_UPSTAIRS
2740,WALKING_UPSTAIRS
2741,WALKING_UPSTAIRS
2742,WALKING_UPSTAIRS
2743,WALKING_UPSTAIRS
2744,WALKING_UPSTAIRS
2745,WALKING_UPSTAIRS
2746,WALKING_UPSTAIRS
2747,WALKING_UPSTAIRS
2748,WALKING_UPSTAIRS
2749,WALKING_UPSTAIRS
2750,WALKING_UPSTAIRS
2751,WALKING_UPSTAIRS
2752,WALKING_UPSTAIRS
2753,STANDING
2754,STANDING
2755,STANDING
2756,STANDING
2757,STANDING
2758,STANDING
2759,STANDING
2760,STANDING
2761,STANDING
2762,STANDING
2763,STANDING
2764,STANDING
2765,STANDING
2766,STANDING
2767,STANDING
2768,STANDING
2769,STANDING
2770,STANDING
2771,STANDING
2772,STANDING
2773,STANDING
2774,STANDING
2775,STANDING
2776,STANDING
2777,STANDING
2778,STANDING
2779,STANDING
2780,STANDING
2781,STANDING
2782,STANDING
2783,STANDING
2784,STANDING
2785,STANDING
2786,STANDING
2787,STANDING
2788,STANDING
2789,SITTING
2790,SITTING
2791,SITTING
2792,SITTING
2793,SITTING
2794,SITTING
2795,SITTING
2796,SITTING
2797,SITTING
2798,SITTING
2799,SITTING
2800,SITTING
2801,SITTING
2802,SITTING
2803,SITTING
2804,SITTING
2805,SITTING
2806,SITTING
2807,SITTING
2808,SITTING
2809,SITTING
2810,SITTING
2811,SITTING
2812,SITTING
2813,SITTING
2814,SITTING
2815,SITTING
2816,SITTING
2817,SITTING
2818,SITTING
2819,SITTING
2820,SITTING
2821,SITTING
2822,SITTING
2823,LAYING
2824,LAYING
2825,LAYING
2826,LAYING
2827,LAYING
2828,LAYING
2829,LAYING
2830,LAYING
2831,LAYING
2832,LAYING
2833,LAYING
2834,LAYING
2835,LAYING
2836,LAYING
2837,LAYING
2838,LAYING
2839,LAYING
2840,LAYING
2841,LAYING
2842,LAYING
2843,LAYING
2844,LAYING
2845,LAYING
2846,LAYING
2847,LAYING
2848,LAYING
2849,LAYING
2850,LAYING
2851,LAYING
2852,LAYING
2853,LAYING
2854,LAYING
2855,LAYING
2856,LAYING
2857,LAYING
2858,LAYING
2859,WALKING
2860,WALKING
2861,WALKING
2862,WALKING
2863,WALKING
2864,WALKING
2865,WALKING
2866,WALKING
2867,WALKING
2868,WALKING
2869,WALKING
2870,WALKING
2871,WALKING
2872,WALKING
2873,WALKING
2874,WALKING
2875,WALKING
2876,WALKING
2877,WALKING
2878,WALKING
2879,WALKING
2880,WALKING
2881,WALKING
2882,WALKING
2883,WALKING
2884,WALKING
2885,WALKING
2886,WALKING
2887,WALKING
2888,WALKING
2889,WALKING_DOWNSTAIRS
2890,WALKING_DOWNSTAIRS
2891,WALKING_DOWNSTAIRS
2892,WALKING_DOWNSTAIRS
2893,WALKING_DOWNSTAIRS
2894,WALKING_DOWNSTAIRS
2895,WALKING_DOWNSTAIRS
2896,WALKING_DOWNSTAIRS
2897,WALKING_DOWNSTAIRS
2898,WALKING_DOWNSTAIRS
2899,WALKING_DOWNSTAIRS
2900,WALKING_DOWNSTAIRS
2901,WALKING_DOWNSTAIRS
2902,WALKING_DOWNSTAIRS
2903,WALKING_DOWNSTAIRS
2904,WALKING_DOWNSTAIRS
2905,WALKING_DOWNSTAIRS
2906,WALKING_DOWNSTAIRS
2907,WALKING_DOWNSTAIRS
2908,WALKING_UPSTAIRS
2909,WALKING_UPSTAIRS
2910,WALKING_UPSTAIRS
2911,WALKING_UPSTAIRS
2912,WALKING_UPSTAIRS
2913,WALKING_UPSTAIRS
2914,WALKING_UPSTAIRS
2915,WALKING_UPSTAIRS
2916,WALKING_UPSTAIRS
2917,WALKING_UPSTAIRS
2918,WALKING_UPSTAIRS
2919,WALKING_UPSTAIRS
2920,WALKING_UPSTAIRS
2921,WALKING_UPSTAIRS
2922,WALKING_UPSTAIRS
2923,WALKING_UPSTAIRS
2924,WALKING_UPSTAIRS
2925,WALKING_UPSTAIRS
2926,WALKING_UPSTAIRS
2927,WALKING_UPSTAIRS
2928,WALKING_DOWNSTAIRS
2929,WALKING_DOWNSTAIRS
2930,WALKING_DOWNSTAIRS
2931,WALKING_DOWNSTAIRS
2932,WALKING_DOWNSTAIRS
2933,WALKING_DOWNSTAIRS
2934,WALKING_DOWNSTAIRS
2935,WALKING_DOWNSTAIRS
2936,WALKING_DOWNSTAIRS
2937,WALKING_UPSTAIRS
2938,WALKING_UPSTAIRS
2939,WALKING_UPSTAIRS
2940,WALKING_UPSTAIRS
2941,WALKING_UPSTAIRS
2942,WALKING_UPSTAIRS
2943,WALKING_UPSTAIRS
2944,WALKING_UPSTAIRS
2945,WALKING_UPSTAIRS
2946,WALKING_UPSTAIRS
